{"status":200,"data":[{"code":"M6lxRAPkpg","title":"Eius sequi eligendi numquam a quis molestias mollitia exercitationem.","content":"Quibusdam et est maiores similique adipisci qui. Dicta et iure. Officia id voluptates non. Ullam nisi autem occaecati voluptatem adipisci. Fugit temporibus deserunt dolor minima recusandae sed quisquam.","author":{"code":"ON13Kaw74x","username":"janet69","fullName":"Janet Schulist","avatar":"https://gravatar.com/avatar/27b3d390ceb9e603a4bd73e07fd53275?s=64&d=wavatar","roles":["user"]},"votes":0,"voters":[],"views":0,"createdAt":"2016-12-18T12:33:41.796Z"},{"code":"6zYm6yBxen","title":"Numquam nihil omnis soluta iusto exercitationem aut enim.","content":"Eligendi cumque qui excepturi esse ut sit. Enim dolores autem. Placeat vel consectetur accusamus dolore amet qui aut modi laborum. Omnis labore molestiae. Eligendi a deserunt sint vel.\r\nCulpa tenetur et dignissimos dolorem dolores enim. Provident mollitia enim expedita eos distinctio dignissimos. Quis sapiente ea.","author":{"code":"r5V3kG3blE","username":"boyd.gerhold","fullName":"Boyd Gerhold","avatar":"https://gravatar.com/avatar/75b63d2cdecaa22227b99ef5b5edb4c2?s=64&d=wavatar","roles":["user"]},"votes":0,"voters":[],"views":0,"createdAt":"2016-12-18T12:33:41.787Z"},{"code":"6ZrxEa1xEg","title":"Cum ratione qui est iure.","content":"Quos dolorum velit dolore eum asperiores. Soluta magnam voluptatem voluptas at quisquam quod. Omnis adipisci quidem incidunt occaecati deleniti soluta. In sunt iure exercitationem molestiae aspernatur. Nihil mollitia dolor quo numquam. Ipsa sint dolores ex repellendus sed magni exercitationem odio deleniti.","author":{"code":"KYG3ZoRy1k","username":"chad15","fullName":"Chad Roob","avatar":"https://gravatar.com/avatar/c1e9cc58e7e8b0dce8895e617b3ab55a?s=64&d=wavatar","roles":["user"]},"votes":0,"voters":[],"views":0,"createdAt":"2016-12-18T12:33:41.806Z"},{"code":"XW4w5y3wyV","title":"Porro quae perspiciatis.","content":"Repellat veritatis alias exercitationem et voluptatum ut quia. Cumque facere voluptatem quisquam perferendis quam et maiores adipisci. Quos repellat expedita iure in harum quod. Dolorum sit debitis. Unde temporibus harum facere.\r\nAut unde ad et quia dolorem tempore odio non exercitationem. Laudantium ut iusto reiciendis hic eum placeat quos. In aut maxime amet placeat occaecati odio ipsa ex. Sed molestias et in voluptate exercitationem eum quas.","author":{"code":"dkZw2KP19y","username":"misty.raynor9661","fullName":"Misty Raynor","avatar":"https://gravatar.com/avatar/f408330b3d5baed308f549eb027050ed?s=64&d=wavatar","roles":["user"]},"votes":0,"voters":[],"views":0,"createdAt":"2016-12-18T12:33:41.789Z"},{"code":"v7exnAzk31","title":"Perspiciatis veritatis officia.","content":"Totam aut eligendi non quia inventore sunt praesentium. Aut velit dolorem. Reprehenderit eius provident impedit quaerat corporis perferendis et est odio. Eius dolores velit ducimus assumenda est. Eligendi nihil accusamus debitis corporis. Sunt excepturi suscipit alias omnis illo et dolor officia.\r\nRecusandae atque quod dolorem aperiam qui non qui nisi. Et aut fuga nihil libero rerum et et tempora. Odit eligendi cupiditate architecto a ea. Error commodi ea dolorem placeat. Eaque eveniet labore quibusdam perferendis. Inventore tenetur beatae deserunt sint earum odit porro.","author":{"code":"deqwWGwkM0","username":"jerald80","fullName":"Jerald Barton","avatar":"https://gravatar.com/avatar/d0218b23cb8cd5e5810b271d45565142?s=64&d=wavatar","roles":["user"]},"votes":0,"voters":[],"views":0,"createdAt":"2016-12-18T12:33:41.800Z"},{"code":"ebaxd5emMD","title":"Neque voluptatem expedita accusamus sit quae.","content":"Consequuntur ut molestiae earum. Rerum nulla tempora harum corrupti. Inventore expedita nemo alias vero perspiciatis sequi. Nemo autem dignissimos consectetur. Nesciunt dolores aut sapiente facere porro delectus enim. Quia eaque accusamus laborum a ipsum doloribus nam veniam laborum.\r\nUllam quod ipsam. Exercitationem pariatur eos nam hic. Occaecati vitae magni blanditiis mollitia voluptatem et officiis.","author":{"code":"dkZw2KP19y","username":"misty.raynor9661","fullName":"Misty Raynor","avatar":"https://gravatar.com/avatar/f408330b3d5baed308f549eb027050ed?s=64&d=wavatar","roles":["user"]},"votes":0,"voters":[],"views":0,"createdAt":"2016-12-18T12:33:41.798Z"},{"code":"vEVmZp5kQZ","title":"Deserunt voluptatum fuga autem architecto qui expedita accusantium quia.","content":"Consequatur excepturi id dolor. Aut velit a aspernatur animi repudiandae doloribus dolorem nihil. Voluptates debitis autem et est nihil dolor et voluptas adipisci. Maiores et quaerat qui qui enim. Et consequatur labore dignissimos eum aspernatur cum dolore rerum voluptatibus.","author":{"code":"emxRN0Pja8","username":"test","fullName":"Test User","avatar":"https://gravatar.com/avatar/d2326f31a18f0bae30343a983894885a?s=64&d=wavatar","lastLogin":"2016-12-18T13:47:28.970Z","roles":["user"]},"votes":0,"voters":[],"views":0,"createdAt":"2016-12-18T12:33:41.808Z"},{"code":"b7KwaODxal","title":"Id neque quia voluptatem.","content":"Eos quae voluptatum nisi omnis illum sit delectus esse. Sed aliquid et nostrum molestiae aut pariatur aut vero qui. Quam qui eius eaque repellat ad. Aliquid eum molestias. Qui accusantium id laboriosam.","author":{"code":"KYG3ZoRy1k","username":"chad15","fullName":"Chad Roob","avatar":"https://gravatar.com/avatar/c1e9cc58e7e8b0dce8895e617b3ab55a?s=64&d=wavatar","roles":["user"]},"votes":0,"voters":[],"views":0,"createdAt":"2016-12-18T12:33:41.810Z"},{"code":"M6lxRAlkpg","title":"Rerum dignissimos ipsum voluptatem alias ad sint.","content":"Blanditiis est fugit dolorem non nostrum. Est est quidem quisquam laudantium veniam praesentium iusto et. Deleniti illo velit ducimus animi. Ea fugiat dolor officia sint excepturi. Aut non in deserunt ut.\r\nAutem sed dolores esse dolores. Modi debitis ut molestiae totam sed nihil aut et minus. Repellat modi rerum culpa pariatur doloremque corporis minus dignissimos unde. Ut sed placeat quibusdam in impedit rerum dolores non.","author":{"code":"emxRN0Pja8","username":"test","fullName":"Test User","avatar":"https://gravatar.com/avatar/d2326f31a18f0bae30343a983894885a?s=64&d=wavatar","lastLogin":"2016-12-18T13:47:28.970Z","roles":["user"]},"votes":0,"voters":[],"views":0,"createdAt":"2016-12-18T12:33:41.792Z"},{"code":"MEgmyDjxe2","title":"Ab tempore et dolore ea et quae.","content":"Veniam ea ea vitae beatae occaecati ducimus nesciunt. Dolorem dolores provident velit fuga rerum. Et enim corporis mollitia sed iste esse aperiam.","author":{"code":"KYG3ZoRy1k","username":"chad15","fullName":"Chad Roob","avatar":"https://gravatar.com/avatar/c1e9cc58e7e8b0dce8895e617b3ab55a?s=64&d=wavatar","roles":["user"]},"votes":0,"voters":[],"views":0,"createdAt":"2016-12-18T12:33:41.802Z"},{"code":"ebaxd5BmMD","title":"Quia ratione voluptatibus porro in ratione ipsa.","content":"Sapiente quas fugit aut. Ducimus consequatur aliquid temporibus laudantium. Quas et minima sed accusantium commodi quis debitis enim harum. Impedit id non qui dicta rerum provident ipsa neque.","author":{"code":"r5V3kG3blE","username":"boyd.gerhold","fullName":"Boyd Gerhold","avatar":"https://gravatar.com/avatar/75b63d2cdecaa22227b99ef5b5edb4c2?s=64&d=wavatar","roles":["user"]},"votes":0,"voters":[],"views":0,"createdAt":"2016-12-18T12:33:41.794Z"},{"code":"o1Kw0O6mjy","title":"Quam molestias sequi unde minima veniam sunt et quia et.","content":"A eos sapiente eum. Enim sapiente veritatis. Magnam at cum sint ut harum quam a tempore omnis.","author":{"code":"deqwWGwkM0","username":"jerald80","fullName":"Jerald Barton","avatar":"https://gravatar.com/avatar/d0218b23cb8cd5e5810b271d45565142?s=64&d=wavatar","roles":["user"]},"votes":0,"voters":[],"views":0,"createdAt":"2016-12-18T12:33:41.804Z"},{"code":"09YmQA2mRe","title":"Maiores eos assumenda.","content":"Ullam iusto doloremque quo eos ut aut tenetur. Rerum nam voluptatem. Esse nisi odit eum in dolorem in sit autem. Sed quia ut rerum ipsa dolor doloribus qui.\r\nEos sit iste soluta ipsam qui fuga quo quasi. Sed omnis voluptas quas. Occaecati quis libero exercitationem.","author":{"code":"4XQ3XJwNKY","username":"curtis.kemmer08","fullName":"Curtis Kemmer","avatar":"https://gravatar.com/avatar/6b02143f9d0a812926355a0f6ddaafaf?s=64&d=wavatar","roles":["user"]},"votes":0,"voters":[],"views":0,"createdAt":"2016-12-18T12:33:41.792Z"},{"code":"Q7Am7blxEP","title":"Natus quam laborum voluptatem quasi voluptatem eum veritatis.","content":"Quibusdam et ut eaque. Praesentium voluptas consequatur possimus illum aut. Soluta dolores corporis officiis maiores est ab suscipit et. Aspernatur ex ipsam placeat occaecati in animi aperiam rerum. Aut et quod libero similique aut dolorem officiis fuga reprehenderit.\r\nCum sit deleniti et recusandae occaecati quis. Eum eligendi qui assumenda et minus sed. Dolorem explicabo porro id necessitatibus optio dolores sed nulla deleniti. Odio qui corrupti totam quam. Repellat eos qui.","author":{"code":"dkZw2KP19y","username":"misty.raynor9661","fullName":"Misty Raynor","avatar":"https://gravatar.com/avatar/f408330b3d5baed308f549eb027050ed?s=64&d=wavatar","roles":["user"]},"votes":0,"voters":[],"views":0,"createdAt":"2016-12-18T12:33:41.802Z"},{"code":"nMVxVnRx5j","title":"Deleniti totam vel quas sequi sit explicabo quasi reiciendis eos.","content":"Eligendi delectus velit esse molestiae id voluptas voluptas omnis. Quod veritatis eum quia hic rerum. Qui distinctio quae est explicabo. Quisquam velit a rerum.","author":{"code":"4XQ3XJwNKY","username":"curtis.kemmer08","fullName":"Curtis Kemmer","avatar":"https://gravatar.com/avatar/6b02143f9d0a812926355a0f6ddaafaf?s=64&d=wavatar","roles":["user"]},"votes":0,"voters":[],"views":0,"createdAt":"2016-12-18T12:33:41.793Z"},{"code":"E7JwOWGwBR","title":"Optio repellat aut ipsum eos.","content":"Facilis molestiae vel accusamus qui sunt distinctio nobis ut omnis. Magnam est et cum aut voluptas aperiam qui rerum neque. Ea odit impedit et inventore dolor corporis veritatis. Est dolores autem aut dolore ad minus. Quibusdam error unde. Cupiditate excepturi eligendi esse nulla quia non id.","author":{"code":"dkZw2KP19y","username":"misty.raynor9661","fullName":"Misty Raynor","avatar":"https://gravatar.com/avatar/f408330b3d5baed308f549eb027050ed?s=64&d=wavatar","roles":["user"]},"votes":0,"voters":[],"views":0,"createdAt":"2016-12-18T12:33:41.804Z"}]}