{"status":200,"data":[{"code":"M6lxRAPkpg","title":"Eius sequi eligendi numquam a quis molestias mollitia exercitationem.","content":"Quibusdam et est maiores similique adipisci qui. Dicta et iure. Officia id voluptates non. Ullam nisi autem occaecati voluptatem adipisci. Fugit temporibus deserunt dolor minima recusandae sed quisquam.","author":{"code":"ON13Kaw74x","username":"janet69","fullName":"Janet Schulist","avatar":"","roles":["user"]},"votes":0,"voters":[],"views":0,"createdAt":"2016-12-18T12:33:41.796Z"},{"code":"6zYm6yBxen","title":"Numquam nihil omnis soluta iusto exercitationem aut enim.","content":"Eligendi cumque qui excepturi esse ut sit. Enim dolores autem. Placeat vel consectetur accusamus dolore amet qui aut modi laborum. Omnis labore molestiae. Eligendi a deserunt sint vel.\r\nCulpa tenetur et dignissimos dolorem dolores enim. Provident mollitia enim expedita eos distinctio dignissimos. Quis sapiente ea.","author":{"code":"r5V3kG3blE","username":"boyd.gerhold","fullName":"Boyd Gerhold","avatar":"","roles":["user"]}}]}